save_name,run_index,execution_time_ms,avg_ms,min_ms,max_ms,effective_ups,percentage_improvement,ticks,factorio_version,platform
quality_common_mining_prod,0,3801.405,1.056,0.608,10.012,947.0182735067691,0,3600,unknown,windows-x86_64
quality_common_mining_prod,1,3793.221,1.054,0.603,7.021,949.0614968123397,0,3600,unknown,windows-x86_64
quality_common_mining_prod,2,3548.363,0.986,0.595,6.571,1014.5523442781925,0,3600,unknown,windows-x86_64
quality_uncommon_mining_prod,0,3006.26,0.835,0.489,5.748,1197.5012141331754,27.52185438068825,3600,unknown,windows-x86_64
quality_uncommon_mining_prod,1,2864.183,0.796,0.463,5.332,1256.9029283394252,27.52185438068825,3600,unknown,windows-x86_64
quality_uncommon_mining_prod,2,2863.306,0.795,0.468,6.891,1257.2879042617171,27.52185438068825,3600,unknown,windows-x86_64
quality_legendary_mining_prod,0,2483.869,0.69,0.484,6.21,1449.351797538437,56.99332792315824,3600,unknown,windows-x86_64
quality_legendary_mining_prod,1,2309.095,0.641,0.447,5.454,1559.0523560096055,56.99332792315824,3600,unknown,windows-x86_64
quality_legendary_mining_prod,2,2306.075,0.641,0.448,5.333,1561.0940667584534,56.99332792315824,3600,unknown,windows-x86_64
