save_name,run_index,execution_time_ms,avg_ms,min_ms,max_ms,effective_ups,percentage_improvement,ticks,factorio_version,platform
quality_common_laser_weapon,0,4881.59,1.356,0.745,9.774,737.4646375463732,0,3600,unknown,windows-x86_64
quality_common_laser_weapon,1,4743.304,1.318,0.746,8.515,758.9646373076657,0,3600,unknown,windows-x86_64
quality_common_laser_weapon,2,4680.986,1.3,0.762,7.704,769.0687389366258,0,3600,unknown,windows-x86_64
quality_uncommon_laser_weapon,0,3566.662,0.991,0.518,11.275,1009.3471150336085,33.629902871513565,3600,unknown,windows-x86_64
quality_uncommon_laser_weapon,1,3572.491,0.992,0.528,11.372,1007.7002293357772,33.629902871513565,3600,unknown,windows-x86_64
quality_uncommon_laser_weapon,2,3563.173,0.99,0.524,11.46,1010.3354510151487,33.629902871513565,3600,unknown,windows-x86_64
quality_legendary_laser_weapon,0,2780.669,0.772,0.521,7.248,1294.652473919046,72.04559850035183,3600,unknown,windows-x86_64
quality_legendary_laser_weapon,1,2756.296,0.766,0.516,5.537,1306.1006510186135,72.04559850035183,3600,unknown,windows-x86_64
quality_legendary_laser_weapon,2,2775.772,0.771,0.524,8.911,1296.9364919020727,72.04559850035183,3600,unknown,windows-x86_64
