save_name,run_index,execution_time_ms,avg_ms,min_ms,max_ms,effective_ups,percentage_improvement,ticks,factorio_version,platform
v3_128,0,30138.052,0.837,0.459,2.53,1194.5032147399572,0,36000,2.0.64,windows-x86_64
v3_128,1,30076.901,0.835,0.449,2.491,1196.9318248578868,0,36000,2.0.64,windows-x86_64
v3_128,2,31263.608,0.868,0.471,3.157,1151.4985730373794,0,36000,2.0.64,windows-x86_64
v4_128,0,25827.734,0.717,0.315,2.799,1393.8505019449249,16.264368501976783,36000,2.0.64,windows-x86_64
v4_128,1,26632.988,0.74,0.325,3.568,1351.7071385306072,16.264368501976783,36000,2.0.64,windows-x86_64
v4_128,2,26208.279,0.728,0.324,2.7,1373.6117506990827,16.264368501976783,36000,2.0.64,windows-x86_64
