save_name,run_index,execution_time_ms,avg_ms,min_ms,max_ms,effective_ups,percentage_improvement,ticks,factorio_version,platform
quality_common_bot_speed,0,5423.638,1.507,0.88,9.435,663.7611138501501,0,3600,unknown,windows-x86_64
quality_common_bot_speed,1,5470.692,1.52,0.894,7.647,658.0520343678643,0,3600,unknown,windows-x86_64
quality_common_bot_speed,2,5503.273,1.529,0.878,8.037,654.1561721542798,0,3600,unknown,windows-x86_64
quality_uncommon_bot_speed,0,3982.577,1.106,0.638,7.565,903.9373250033834,34.53648777763101,3600,unknown,windows-x86_64
quality_uncommon_bot_speed,1,3999.167,1.111,0.64,7.544,900.1874640393862,34.53648777763101,3600,unknown,windows-x86_64
quality_uncommon_bot_speed,2,4214.1,1.171,0.642,8.508,854.2749341496404,34.53648777763101,3600,unknown,windows-x86_64
quality_legendary_bot_speed,0,3034.166,0.843,0.553,5.907,1186.487489478163,76.8309363705039,3600,unknown,windows-x86_64
quality_legendary_bot_speed,1,3026.819,0.841,0.556,5.787,1189.367451439944,76.8309363705039,3600,unknown,windows-x86_64
quality_legendary_bot_speed,2,3219.258,0.894,0.576,6.289,1118.2701106901031,76.8309363705039,3600,unknown,windows-x86_64
