save_name,run_index,execution_time_ms,avg_ms,min_ms,max_ms,effective_ups,percentage_improvement,ticks,factorio_version,platform
q2_red_4096_labs_with_ship,0,179353.931,1.661,0.853,6.451,602.1613209024116,0,108000,2.0.64,windows-x86_64
q2_red_4096_labs_with_ship,1,180925.076,1.675,0.804,4.518,596.9321798156934,0,108000,2.0.64,windows-x86_64
q2_red_4096_labs_with_ship,2,180474.05,1.671,0.827,4.491,598.4239839467226,0,108000,2.0.64,windows-x86_64
q1_red_4096_labs_with_ship,0,175365.567,1.624,0.93,5.083,615.8563613574152,0.6079864503174439,108000,2.0.64,windows-x86_64
q1_red_4096_labs_with_ship,1,180975.902,1.676,0.945,5.48,596.7645349821215,0.6079864503174439,108000,2.0.64,windows-x86_64
q1_red_4096_labs_with_ship,2,181261.2,1.678,0.943,5.589,595.8252510741405,0.6079864503174439,108000,2.0.64,windows-x86_64
q2_red_4096_labs,0,174312.836,1.614,0.831,5.461,619.5757150093066,1.7489866793613413,108000,2.0.64,windows-x86_64
q2_red_4096_labs,1,178782.45,1.655,0.841,5.285,604.0861393274339,1.7489866793613413,108000,2.0.64,windows-x86_64
q2_red_4096_labs,2,178425.699,1.652,0.851,7.75,605.2939716940664,1.7489866793613413,108000,2.0.64,windows-x86_64
