save_name,run_index,execution_time_ms,avg_ms,min_ms,max_ms,effective_ups,percentage_improvement,ticks,factorio_version,platform
30_ticks_placement_apart,0,6035.737,1.677,1.172,33.729,596.4474595231701,4.811734226403249,3600,2.0.66,windows-x86_64
30_ticks_placement_apart,1,6084.517,1.69,1.172,36.526,591.6656983619242,4.811734226403249,3600,2.0.66,windows-x86_64
30_ticks_placement_apart,2,6004.298,1.668,1.171,33.606,599.5705076596798,4.811734226403249,3600,2.0.66,windows-x86_64
0_module,0,6031.535,1.675,1.174,55.278,596.8629876142641,5.614181224289495,3600,2.0.66,windows-x86_64
0_module,1,6019.641,1.672,1.173,57.642,598.0423085031151,5.614181224289495,3600,2.0.66,windows-x86_64
0_module,2,5936.039,1.649,1.17,53.553,606.4650181712082,5.614181224289495,3600,2.0.66,windows-x86_64
