save_name,run_index,execution_time_ms,avg_ms,min_ms,max_ms,effective_ups,percentage_improvement,ticks,factorio_version,platform
q2_red_2048_no_labs_with_ship,0,40612.15,0.376,0.232,1.245,2659.3026963605716,0,108000,2.0.64,windows-x86_64
q2_red_2048_no_labs_with_ship,1,40334.933,0.373,0.225,1.529,2677.5797545021337,0,108000,2.0.64,windows-x86_64
q2_red_2048_no_labs_with_ship,2,40204.277,0.372,0.24,1.663,2686.2813625525464,0,108000,2.0.64,windows-x86_64
q1_red_2048_no_labs_with_ship,0,36731.674,0.34,0.183,1.96,2940.2417107371693,9.27542762767365,108000,2.0.64,windows-x86_64
q1_red_2048_no_labs_with_ship,1,36894.576,0.342,0.186,1.336,2927.259551647917,9.27542762767365,108000,2.0.64,windows-x86_64
q1_red_2048_no_labs_with_ship,2,37243.366,0.345,0.189,1.356,2899.8453039931996,9.27542762767365,108000,2.0.64,windows-x86_64
